店舗名,住所,電話番号,営業時間
春日部駅前店,〒344-0062埼玉県春日部市粕壁東１－１０－１８,048-760-1618,月～水、金（9：00～19：30）木、土（9：00～17：30）
春日部店,〒344-0035埼玉県春日部市谷原新田１２００番地８,048-739-3781,24時間営業
春日部永沼店,〒344-0123埼玉県春日部市永沼２１５９－５,048-745-2301,月～水、金（9：00～17：30）土（9：00～12：00）
春日部六軒町店,〒344-0012埼玉県春日部市六軒町４４３,048-731-7500,月、火、木、金（9：00～18：00）水（8：30～16：30）土（9：00～12：00）
春日部藤塚店,〒344-0011埼玉県春日部市藤塚１２２３,048-812-4340,月～金（9：00～19：00）土、第1・3日（9：00～13：00）
川口元郷店,〒332-0017埼玉県川口市栄町１－１６－１１,048-240-5300,月～金（8：45～17：15）第3土（8：00～10：30）第1・2・4・5土（8：45～13：00）
川口柳崎店,〒333-0861埼玉県川口市柳崎４－２８－３１,048-268-8278,月～水、金（9：00～19：00）木、土（9：00～18：00）
行田店,〒361-0001埼玉県行田市北河原５２－２,048-550-6080,月～水、金（9：00～18：00）第2・4・5木、土（9：00～12：00）
久喜店,〒346-0024埼玉県久喜市北青柳１３８２－２,0480-24-3144,月～土（9：00～17：00）
久喜2号店,〒346-0003埼玉県久喜市久喜中央２丁目６番地２６号,0480-31-8862,月～土（9：00～17：00）
東鷲宮店,〒340-0203埼玉県久喜市桜田３－９－１１,0480-57-1402,月～土（9：00～18：00）
熊谷箱田店,〒360-0014埼玉県熊谷市箱田１丁目４－８,048-599-2061,月、金（9：00～19：15）火、土（9：00～19：00）水（9：00～13：00）
鴻巣生出塚店,〒365-0033埼玉県鴻巣市生出塚１－２２－２,048-544-0788,月～水、金（9：00～18：00）木（8：45～16：45）土（9：00～12：00）
神川店,〒367-0232埼玉県児玉郡神川町新里３７４－５,0495-77-7007,月～金（9：00～18：30）土（9：00～13：30）
鹿室店,〒339-0001埼玉県さいたま市岩槻区鹿室９７２－２,048-794-1570,月～水、金（9：00～19：00）木（9：00～13：00）土（9：00～15：30）
大宮堀の内店,〒330-0804埼玉県さいたま市大宮区堀の内町１－２１４－３,048-650-5587,月～水、金（9：00～18：00）土（9：00～12：30）
さいたま宮原店,〒331-0812埼玉県さいたま市北区宮原町４－１２３－１２,048-661-5191,月～水、金（8：30～19：00）木（8：30～13：00）土（8：30～15：00）
今羽店,〒331-0801埼玉県さいたま市北区今羽町３７－１２,048-653-1650,月～水、金（9：00～19：00）土（9：00～13：00）
さいたま東大成店,〒331-0814埼玉県さいたま市北区東大成町１－５４２,048-660-2701,月、火、木、金（9：00～19：00）水（9：00～18：00）土（9：00～15：00）
浦和代山店,〒336-0975埼玉県さいたま市緑区代山１２８－１,048-812-6716,月～水、金（9：00～18：30）土（9：00～12：30）
南浦和店,〒336-0017埼玉県さいたま市南区南浦和２－３１－１９,048-881-1001,月～水、金（9：00～19：00）土（9：00～18：00）
東大宮店,〒337-0051埼玉県さいたま市見沼区東大宮２－２４－２,048-669-2605,月、水、金（9：00～19：00）火、木（9：00～13：00）土（9：00～16：00）
大宮中川店,〒337-0043埼玉県さいたま市見沼区中川７４９－１,048-687-6370,月～水、金（9：00～18：00）土（9：00～14：00）
幸手中店,〒340-0115埼玉県幸手市中５－２－３,0480-40-3071,月～水（9：00～17：00）金、土（9：00～17：30）日（9：00～12：00）
狭山店,〒350-1307埼玉県狭山市祇園１７－２６,04-2956-1036,月～土（9：00～18：00）
柳瀬川駅前店,〒353-0006埼玉県志木市館二丁目６番１１号,048-473-5622,月～水、金（8：30～19：00）木（9：00～18：00）土（8：30～18：00）
所沢店,〒359-1116埼玉県所沢市東町１２－３８,04-2928-7431,月、火、木、金（9：00～18：00）土（9：00～16：00）
所沢東口店,〒359-0038埼玉県所沢市北秋津７５４,04-2996-3250,月～土（9：00～18：00）日、祝（9：00～17：00）
所沢若狭店,〒359-1151埼玉県所沢市若狭２丁目１６７４－１９,04-2935-3752,月～金（9：00～17：30）
